{
  "tokenizer":{
    "token_acc":0.9977388853,
    "token_p":0.9312562401,
    "token_r":0.9697572014,
    "token_f":0.9501168434
  },
  "tok2vec":{

  },
  "trainable_lemmatizer":{
    "lemma_acc":0.9009458039
  },
  "tagger":{
    "tag_acc":0.9085019253
  },
  "morphologizer":{
    "pos_acc":0.9499709311,
    "morph_acc":0.9534146752,
    "morph_micro_p":0.9632699428,
    "morph_micro_r":0.926397993,
    "morph_micro_f":0.9444742379,
    "morph_per_feat":{
      "Aspect":{
        "p":0.9350073855,
        "r":0.9001066477,
        "f":0.9172251404
      },
      "Mood":{
        "p":0.9492216457,
        "r":0.9104159261,
        "f":0.9294138995
      },
      "Voice":{
        "p":0.8260066494,
        "r":0.7957295374,
        "f":0.8105854631
      },
      "Case":{
        "p":0.9936708861,
        "r":0.9807496175,
        "f":0.9871679713
      },
      "Number":{
        "p":0.9937956204,
        "r":0.9912631962,
        "f":0.992527793
      },
      "Person":{
        "p":0.99844479,
        "r":0.9854182655,
        "f":0.9918887601
      },
      "PronType":{
        "p":0.99695586,
        "r":0.9483590734,
        "f":0.9720504576
      },
      "NumType":{
        "p":0.985915493,
        "r":0.8557457213,
        "f":0.9162303665
      },
      "Deixis":{
        "p":0.9922928709,
        "r":0.8569051581,
        "f":0.9196428571
      },
      "Abbr":{
        "p":1.0,
        "r":0.0220588235,
        "f":0.0431654676
      },
      "Polarity":{
        "p":1.0,
        "r":0.98062954,
        "f":0.9902200489
      },
      "Typo":{
        "p":1.0,
        "r":0.085106383,
        "f":0.1568627451
      },
      "Degree":{
        "p":0.9545454545,
        "r":0.6,
        "f":0.7368421053
      },
      "Clusivity":{
        "p":1.0,
        "r":0.9894179894,
        "f":0.9946808511
      },
      "PartType":{
        "p":1.0,
        "r":0.8055555556,
        "f":0.8923076923
      },
      "Polite":{
        "p":1.0,
        "r":1.0,
        "f":1.0
      }
    }
  },
  "parser":{
    "sents_p":0.9987212276,
    "sents_r":0.9993602047,
    "sents_f":0.999040614,
    "dep_uas":0.8345386513,
    "dep_las":0.7712571247,
    "dep_las_per_type":{
      "root":{
        "p":0.851732991,
        "r":0.8490083173,
        "f":0.8503684716
      },
      "advmod":{
        "p":0.8110850898,
        "r":0.8226444972,
        "f":0.8168238994
      },
      "case":{
        "p":0.9082693177,
        "r":0.8989266547,
        "f":0.9035738368
      },
      "compound":{
        "p":0.4714285714,
        "r":0.1074918567,
        "f":0.175066313
      },
      "obj":{
        "p":0.7445141066,
        "r":0.7916666667,
        "f":0.7673667205
      },
      "det":{
        "p":0.9482343499,
        "r":0.9212475634,
        "f":0.9345461736
      },
      "nsubj":{
        "p":0.8073630137,
        "r":0.8268303376,
        "f":0.8169807234
      },
      "nmod:poss":{
        "p":0.7756010686,
        "r":0.8383060635,
        "f":0.8057354302
      },
      "obl":{
        "p":0.7063989962,
        "r":0.6489913545,
        "f":0.6764794233
      },
      "cc":{
        "p":0.855,
        "r":0.8341463415,
        "f":0.8444444444
      },
      "conj":{
        "p":0.6396713615,
        "r":0.615819209,
        "f":0.6275187104
      },
      "fixed":{
        "p":0.6900826446,
        "r":0.7422222222,
        "f":0.7152034261
      },
      "amod":{
        "p":0.7519181586,
        "r":0.7646293888,
        "f":0.7582205029
      },
      "mark":{
        "p":0.799461642,
        "r":0.7785058978,
        "f":0.7888446215
      },
      "acl:relcl":{
        "p":0.6479791395,
        "r":0.668909825,
        "f":0.6582781457
      },
      "nmod":{
        "p":0.5643872114,
        "r":0.6131210806,
        "f":0.5877456647
      },
      "ccomp":{
        "p":0.5508684864,
        "r":0.5663265306,
        "f":0.558490566
      },
      "advcl":{
        "p":0.471,
        "r":0.5607142857,
        "f":0.5119565217
      },
      "flat":{
        "p":0.8091647332,
        "r":0.8434099154,
        "f":0.8259325044
      },
      "discourse":{
        "p":0.7787418655,
        "r":0.7557894737,
        "f":0.7670940171
      },
      "parataxis":{
        "p":0.2716763006,
        "r":0.2865853659,
        "f":0.2789317507
      },
      "nummod":{
        "p":0.8320802005,
        "r":0.8279301746,
        "f":0.83
      },
      "obj:agent":{
        "p":0.8516483516,
        "r":0.8469945355,
        "f":0.8493150685
      },
      "appos":{
        "p":0.5021834061,
        "r":0.614973262,
        "f":0.5528846154
      },
      "dep":{
        "p":0.075,
        "r":0.1851851852,
        "f":0.1067615658
      },
      "xcomp":{
        "p":0.6181102362,
        "r":0.6514522822,
        "f":0.6343434343
      },
      "compound:redup":{
        "p":0.3684210526,
        "r":0.4666666667,
        "f":0.4117647059
      },
      "acl":{
        "p":0.1666666667,
        "r":0.02,
        "f":0.0357142857
      },
      "list":{
        "p":0.1142857143,
        "r":0.25,
        "f":0.1568627451
      },
      "dislocated":{
        "p":0.4090909091,
        "r":0.2278481013,
        "f":0.2926829268
      },
      "vocative":{
        "p":0.5,
        "r":0.5333333333,
        "f":0.5161290323
      },
      "goeswith":{
        "p":0.0,
        "r":0.0,
        "f":0.0
      },
      "orphan":{
        "p":0.0,
        "r":0.0,
        "f":0.0
      }
    }
  },
  "ner":{
    "ents_p":null,
    "ents_r":null,
    "ents_f":null,
    "ents_per_type":null
  },
  "speed":2256.6370035952
}
