{
  "tokenizer":{
    "token_acc":0.9950884086,
    "token_p":0.9774066798,
    "token_r":0.9841740851,
    "token_f":0.9807787087
  },
  "tok2vec":{

  },
  "trainable_lemmatizer":{
    "lemma_acc":0.8229475767
  },
  "tagger":{
    "tag_acc":0.4915590864
  },
  "morphologizer":{
    "pos_acc":0.8282025819,
    "morph_acc":0.5941381023,
    "morph_micro_p":null,
    "morph_micro_r":null,
    "morph_micro_f":null,
    "morph_per_feat":null
  },
  "parser":{
    "sents_p":1.0,
    "sents_r":1.0,
    "sents_f":1.0,
    "dep_uas":0.7970183486,
    "dep_las":0.5732265446,
    "dep_las_per_type":{
      "vocative":{
        "p":0.0,
        "r":0.0,
        "f":0.0
      },
      "advmod":{
        "p":0.6727272727,
        "r":0.7708333333,
        "f":0.7184466019
      },
      "mark":{
        "p":0.7391304348,
        "r":0.3269230769,
        "f":0.4533333333
      },
      "nsubj":{
        "p":0.75,
        "r":0.7912087912,
        "f":0.7700534759
      },
      "root":{
        "p":0.829787234,
        "r":0.829787234,
        "f":0.829787234
      },
      "case":{
        "p":0.8046875,
        "r":0.591954023,
        "f":0.6821192053
      },
      "obl":{
        "p":0.5531914894,
        "r":0.5531914894,
        "f":0.5531914894
      },
      "nmod":{
        "p":0.6315789474,
        "r":0.3956043956,
        "f":0.4864864865
      },
      "parataxis":{
        "p":0.2857142857,
        "r":0.1818181818,
        "f":0.2222222222
      },
      "obj":{
        "p":0.488372093,
        "r":0.3818181818,
        "f":0.4285714286
      },
      "dislocated":{
        "p":0.0,
        "r":0.0,
        "f":0.0
      },
      "nmod:poss":{
        "p":0.0,
        "r":0.0,
        "f":0.0
      },
      "discourse":{
        "p":0.1538461538,
        "r":0.5,
        "f":0.2352941176
      },
      "advcl":{
        "p":0.2105263158,
        "r":0.3636363636,
        "f":0.2666666667
      },
      "acl:relcl":{
        "p":0.0,
        "r":0.0,
        "f":0.0
      },
      "ccomp":{
        "p":0.2222222222,
        "r":1.0,
        "f":0.3636363636
      },
      "det":{
        "p":0.1891891892,
        "r":0.56,
        "f":0.2828282828
      },
      "obj:agent":{
        "p":0.0,
        "r":0.0,
        "f":0.0
      },
      "cc":{
        "p":1.0,
        "r":0.9090909091,
        "f":0.9523809524
      },
      "conj":{
        "p":1.0,
        "r":0.7619047619,
        "f":0.8648648649
      },
      "nummod":{
        "p":0.7058823529,
        "r":1.0,
        "f":0.8275862069
      },
      "amod":{
        "p":0.6764705882,
        "r":0.5348837209,
        "f":0.5974025974
      },
      "fixed":{
        "p":0.9,
        "r":0.6428571429,
        "f":0.75
      },
      "acl":{
        "p":0.0,
        "r":0.0,
        "f":0.0
      },
      "compound":{
        "p":0.0,
        "r":0.0,
        "f":0.0
      },
      "compound:redup":{
        "p":0.0,
        "r":0.0,
        "f":0.0
      },
      "xcomp":{
        "p":0.2,
        "r":0.3333333333,
        "f":0.25
      },
      "dep":{
        "p":0.0,
        "r":0.0,
        "f":0.0
      },
      "flat":{
        "p":0.3,
        "r":1.0,
        "f":0.4615384615
      },
      "appos":{
        "p":0.0,
        "r":0.0,
        "f":0.0
      }
    }
  },
  "ner":{
    "ents_p":null,
    "ents_r":null,
    "ents_f":null,
    "ents_per_type":null
  },
  "speed":60.401745539
}
