{
  "tokenizer":{
    "token_acc":1.0,
    "token_p":1.0,
    "token_r":1.0,
    "token_f":1.0
  },
  "tok2vec":{

  },
  "trainable_lemmatizer":{
    "lemma_acc":0.7983651226
  },
  "tagger":{
    "tag_acc":0.5817438692
  },
  "morphologizer":{
    "pos_acc":0.7820163488,
    "morph_acc":0.7316076294,
    "morph_micro_p":0.8465991317,
    "morph_micro_r":0.7276119403,
    "morph_micro_f":0.7826086957,
    "morph_per_feat":{
      "Aspect":{
        "p":0.7555555556,
        "r":0.7083333333,
        "f":0.7311827957
      },
      "Mood":{
        "p":0.7555555556,
        "r":0.7083333333,
        "f":0.7311827957
      },
      "Voice":{
        "p":0.8888888889,
        "r":0.8080808081,
        "f":0.8465608466
      },
      "Case":{
        "p":0.8616071429,
        "r":0.8772727273,
        "f":0.8693693694
      },
      "Number":{
        "p":0.7638888889,
        "r":0.9649122807,
        "f":0.8527131783
      },
      "Person":{
        "p":1.0,
        "r":1.0,
        "f":1.0
      },
      "PronType":{
        "p":0.9818181818,
        "r":0.675,
        "f":0.8
      },
      "Foreign":{
        "p":0.0,
        "r":0.0,
        "f":0.0
      },
      "Degree":{
        "p":0.0,
        "r":0.0,
        "f":0.0
      },
      "Deixis":{
        "p":1.0,
        "r":1.0,
        "f":1.0
      },
      "Gender":{
        "p":0.0,
        "r":0.0,
        "f":0.0
      },
      "Link":{
        "p":0.0,
        "r":0.0,
        "f":0.0
      },
      "Polarity":{
        "p":0.8461538462,
        "r":0.6111111111,
        "f":0.7096774194
      },
      "Clusivity":{
        "p":1.0,
        "r":1.0,
        "f":1.0
      },
      "Reflex":{
        "p":0.0,
        "r":0.0,
        "f":0.0
      },
      "PartType":{
        "p":1.0,
        "r":0.2307692308,
        "f":0.375
      }
    }
  },
  "parser":{
    "sents_p":1.0,
    "sents_r":1.0,
    "sents_f":1.0,
    "dep_uas":0.9328914664,
    "dep_las":0.6694283347,
    "dep_las_per_type":{
      "root":{
        "p":0.96875,
        "r":0.96875,
        "f":0.96875
      },
      "case":{
        "p":0.9864864865,
        "r":0.4124293785,
        "f":0.5816733068
      },
      "nsubj":{
        "p":0.6666666667,
        "r":0.847826087,
        "f":0.7464114833
      },
      "det":{
        "p":0.0761904762,
        "r":0.7272727273,
        "f":0.1379310345
      },
      "obj:agent":{
        "p":0.6857142857,
        "r":0.8571428571,
        "f":0.7619047619
      },
      "nsubj:pass":{
        "p":0.0,
        "r":0.0,
        "f":0.0
      },
      "obj":{
        "p":0.7857142857,
        "r":0.6666666667,
        "f":0.7213114754
      },
      "advmod":{
        "p":0.6666666667,
        "r":0.6842105263,
        "f":0.6753246753
      },
      "csubj":{
        "p":0.0,
        "r":0.0,
        "f":0.0
      },
      "nmod:poss":{
        "p":0.25,
        "r":1.0,
        "f":0.4
      },
      "mark":{
        "p":0.875,
        "r":1.0,
        "f":0.9333333333
      },
      "compound:redup":{
        "p":0.0,
        "r":0.0,
        "f":0.0
      },
      "amod":{
        "p":0.0,
        "r":0.0,
        "f":0.0
      },
      "fixed":{
        "p":0.0,
        "r":0.0,
        "f":0.0
      },
      "advcl":{
        "p":1.0,
        "r":1.0,
        "f":1.0
      },
      "obl":{
        "p":0.8518518519,
        "r":0.8518518519,
        "f":0.8518518519
      },
      "iobj":{
        "p":0.0,
        "r":0.0,
        "f":0.0
      },
      "nsubj:lfoc":{
        "p":0.0,
        "r":0.0,
        "f":0.0
      },
      "nmod":{
        "p":0.1111111111,
        "r":0.1428571429,
        "f":0.125
      },
      "flat":{
        "p":1.0,
        "r":1.0,
        "f":1.0
      },
      "acl:relcl":{
        "p":1.0,
        "r":1.0,
        "f":1.0
      },
      "parataxis":{
        "p":0.0,
        "r":0.0,
        "f":0.0
      },
      "nsubj:ifoc":{
        "p":0.0,
        "r":0.0,
        "f":0.0
      },
      "ccomp":{
        "p":0.6666666667,
        "r":1.0,
        "f":0.8
      },
      "aux":{
        "p":0.0,
        "r":0.0,
        "f":0.0
      },
      "iobj:patient":{
        "p":0.0,
        "r":0.0,
        "f":0.0
      },
      "nsubj:bfoc":{
        "p":0.0,
        "r":0.0,
        "f":0.0
      },
      "xcomp":{
        "p":1.0,
        "r":0.6666666667,
        "f":0.8
      }
    }
  },
  "ner":{
    "ents_p":null,
    "ents_r":null,
    "ents_f":null,
    "ents_per_type":null
  },
  "speed":67.8066666502
}