{
  "tokenizer":{
    "token_acc":0.9977388853,
    "token_p":0.9312562401,
    "token_r":0.9697572014,
    "token_f":0.9501168434
  },
  "tok2vec":{

  },
  "trainable_lemmatizer":{
    "lemma_acc":0.8978697212
  },
  "tagger":{
    "tag_acc":0.9062184874
  },
  "morphologizer":{
    "pos_acc":0.9499112661,
    "morph_acc":0.9503589524,
    "morph_micro_p":0.9564037249,
    "morph_micro_r":0.9267216962,
    "morph_micro_f":0.9413287849,
    "morph_per_feat":{
      "Aspect":{
        "p":0.9066862601,
        "r":0.8773551369,
        "f":0.8917795845
      },
      "Mood":{
        "p":0.9299410029,
        "r":0.8965517241,
        "f":0.9129411765
      },
      "Voice":{
        "p":0.816947909,
        "r":0.7925266904,
        "f":0.8045520231
      },
      "Case":{
        "p":0.9935773924,
        "r":0.9861040286,
        "f":0.9898266044
      },
      "Number":{
        "p":0.9934378418,
        "r":0.9919912632,
        "f":0.9927140255
      },
      "Person":{
        "p":0.9976726144,
        "r":0.986953185,
        "f":0.9922839506
      },
      "PronType":{
        "p":0.9955201593,
        "r":0.9652509653,
        "f":0.9801519235
      },
      "NumType":{
        "p":0.9887323944,
        "r":0.858190709,
        "f":0.9188481675
      },
      "Deixis":{
        "p":0.9856373429,
        "r":0.9134775374,
        "f":0.9481865285
      },
      "Abbr":{
        "p":1.0,
        "r":0.0220588235,
        "f":0.0431654676
      },
      "Polarity":{
        "p":0.9949874687,
        "r":0.9612590799,
        "f":0.9778325123
      },
      "Typo":{
        "p":0.8461538462,
        "r":0.2340425532,
        "f":0.3666666667
      },
      "Degree":{
        "p":0.9545454545,
        "r":0.6,
        "f":0.7368421053
      },
      "Clusivity":{
        "p":1.0,
        "r":0.9947089947,
        "f":0.9973474801
      },
      "PartType":{
        "p":1.0,
        "r":0.9166666667,
        "f":0.9565217391
      },
      "Polite":{
        "p":1.0,
        "r":0.972972973,
        "f":0.9863013699
      }
    }
  },
  "parser":{
    "sents_p":0.9929846939,
    "sents_r":0.9961612284,
    "sents_f":0.9945704248,
    "dep_uas":0.8290118896,
    "dep_las":0.7649567646,
    "dep_las_per_type":{
      "root":{
        "p":0.8471867008,
        "r":0.8477287268,
        "f":0.8474576271
      },
      "advmod":{
        "p":0.8158415842,
        "r":0.8155186065,
        "f":0.8156800634
      },
      "case":{
        "p":0.8995983936,
        "r":0.9016100179,
        "f":0.9006030824
      },
      "compound":{
        "p":0.5083333333,
        "r":0.1986970684,
        "f":0.2857142857
      },
      "obj":{
        "p":0.7595356551,
        "r":0.7633333333,
        "f":0.7614297589
      },
      "det":{
        "p":0.946506986,
        "r":0.9243664717,
        "f":0.9353057199
      },
      "nsubj":{
        "p":0.7877620881,
        "r":0.8071021482,
        "f":0.7973148549
      },
      "nmod:poss":{
        "p":0.8170212766,
        "r":0.739172281,
        "f":0.7761495705
      },
      "obl":{
        "p":0.6779953917,
        "r":0.6783861671,
        "f":0.6781907231
      },
      "cc":{
        "p":0.8476658477,
        "r":0.8414634146,
        "f":0.8445532436
      },
      "conj":{
        "p":0.6095661846,
        "r":0.6192090395,
        "f":0.6143497758
      },
      "fixed":{
        "p":0.7301587302,
        "r":0.7155555556,
        "f":0.7227833895
      },
      "amod":{
        "p":0.7474358974,
        "r":0.7581274382,
        "f":0.7527437056
      },
      "mark":{
        "p":0.8023097826,
        "r":0.7739187418,
        "f":0.7878585724
      },
      "acl:relcl":{
        "p":0.6583333333,
        "r":0.6379542396,
        "f":0.6479835954
      },
      "nmod":{
        "p":0.5499557913,
        "r":0.6000964785,
        "f":0.5739331027
      },
      "ccomp":{
        "p":0.4904458599,
        "r":0.5892857143,
        "f":0.5353418308
      },
      "advcl":{
        "p":0.48,
        "r":0.5428571429,
        "f":0.5094972067
      },
      "flat":{
        "p":0.7911212294,
        "r":0.8403869407,
        "f":0.8150102609
      },
      "discourse":{
        "p":0.747300216,
        "r":0.7284210526,
        "f":0.7377398721
      },
      "parataxis":{
        "p":0.298245614,
        "r":0.3109756098,
        "f":0.3044776119
      },
      "nummod":{
        "p":0.8362720403,
        "r":0.8279301746,
        "f":0.8320802005
      },
      "obj:agent":{
        "p":0.7804568528,
        "r":0.8401639344,
        "f":0.8092105263
      },
      "dep":{
        "p":0.1724137931,
        "r":0.3086419753,
        "f":0.2212389381
      },
      "compound:redup":{
        "p":0.3636363636,
        "r":0.3555555556,
        "f":0.3595505618
      },
      "xcomp":{
        "p":0.6303317536,
        "r":0.5518672199,
        "f":0.5884955752
      },
      "dislocated":{
        "p":0.253968254,
        "r":0.2025316456,
        "f":0.2253521127
      },
      "appos":{
        "p":0.5118483412,
        "r":0.577540107,
        "f":0.5427135678
      },
      "acl":{
        "p":0.25,
        "r":0.06,
        "f":0.0967741935
      },
      "list":{
        "p":0.15625,
        "r":0.3125,
        "f":0.2083333333
      },
      "vocative":{
        "p":0.5454545455,
        "r":0.4,
        "f":0.4615384615
      },
      "goeswith":{
        "p":0.0,
        "r":0.0,
        "f":0.0
      },
      "orphan":{
        "p":0.0,
        "r":0.0,
        "f":0.0
      }
    }
  },
  "ner":{
    "ents_p":null,
    "ents_r":null,
    "ents_f":null,
    "ents_per_type":null
  },
  "speed":6844.0816094907
}