{
  "tokenizer":{
    "token_acc":0.9950884086,
    "token_p":0.9774066798,
    "token_r":0.9841740851,
    "token_f":0.9807787087
  },
  "tok2vec":{

  },
  "trainable_lemmatizer":{
    "lemma_acc":0.8229475767
  },
  "tagger":{
    "tag_acc":0.4858420268
  },
  "morphologizer":{
    "pos_acc":0.8166915052,
    "morph_acc":0.5894632207,
    "morph_micro_p":null,
    "morph_micro_r":null,
    "morph_micro_f":null,
    "morph_per_feat":null
  },
  "parser":{
    "sents_p":1.0,
    "sents_r":1.0,
    "sents_f":1.0,
    "dep_uas":0.8091690544,
    "dep_las":0.5846681922,
    "dep_las_per_type":{
      "vocative":{
        "p":0.0,
        "r":0.0,
        "f":0.0
      },
      "advmod":{
        "p":0.7222222222,
        "r":0.8125,
        "f":0.7647058824
      },
      "mark":{
        "p":0.7391304348,
        "r":0.3269230769,
        "f":0.4533333333
      },
      "nsubj":{
        "p":0.8139534884,
        "r":0.7692307692,
        "f":0.790960452
      },
      "root":{
        "p":0.8829787234,
        "r":0.8829787234,
        "f":0.8829787234
      },
      "case":{
        "p":0.7984496124,
        "r":0.591954023,
        "f":0.6798679868
      },
      "obl":{
        "p":0.5471698113,
        "r":0.6170212766,
        "f":0.58
      },
      "nmod":{
        "p":0.5882352941,
        "r":0.4395604396,
        "f":0.5031446541
      },
      "parataxis":{
        "p":0.4545454545,
        "r":0.4545454545,
        "f":0.4545454545
      },
      "obj":{
        "p":0.5135135135,
        "r":0.3454545455,
        "f":0.4130434783
      },
      "dislocated":{
        "p":0.0,
        "r":0.0,
        "f":0.0
      },
      "nmod:poss":{
        "p":0.0,
        "r":0.0,
        "f":0.0
      },
      "discourse":{
        "p":0.1538461538,
        "r":0.5,
        "f":0.2352941176
      },
      "advcl":{
        "p":0.3,
        "r":0.5454545455,
        "f":0.3870967742
      },
      "ccomp":{
        "p":0.1111111111,
        "r":0.5,
        "f":0.1818181818
      },
      "det":{
        "p":0.1891891892,
        "r":0.56,
        "f":0.2828282828
      },
      "obj:agent":{
        "p":0.0,
        "r":0.0,
        "f":0.0
      },
      "cc":{
        "p":0.85,
        "r":0.7727272727,
        "f":0.8095238095
      },
      "conj":{
        "p":0.7894736842,
        "r":0.7142857143,
        "f":0.75
      },
      "nummod":{
        "p":0.75,
        "r":1.0,
        "f":0.8571428571
      },
      "amod":{
        "p":0.6666666667,
        "r":0.5581395349,
        "f":0.6075949367
      },
      "fixed":{
        "p":1.0,
        "r":0.6428571429,
        "f":0.7826086957
      },
      "acl":{
        "p":0.0,
        "r":0.0,
        "f":0.0
      },
      "acl:relcl":{
        "p":0.0,
        "r":0.0,
        "f":0.0
      },
      "compound":{
        "p":0.0,
        "r":0.0,
        "f":0.0
      },
      "dep":{
        "p":0.0,
        "r":0.0,
        "f":0.0
      },
      "compound:redup":{
        "p":0.0,
        "r":0.0,
        "f":0.0
      },
      "xcomp":{
        "p":0.0,
        "r":0.0,
        "f":0.0
      },
      "flat":{
        "p":0.2857142857,
        "r":1.0,
        "f":0.4444444444
      }
    }
  },
  "ner":{
    "ents_p":null,
    "ents_r":null,
    "ents_f":null,
    "ents_per_type":null
  },
  "speed":216.6869950178
}
