{
  "tokenizer":{
    "token_acc":1.0,
    "token_p":1.0,
    "token_r":1.0,
    "token_f":1.0
  },
  "tok2vec":{

  },
  "trainable_lemmatizer":{
    "lemma_acc":0.7888283379
  },
  "tagger":{
    "tag_acc":0.5667574932
  },
  "morphologizer":{
    "pos_acc":0.7792915531,
    "morph_acc":0.7152588556,
    "morph_micro_p":0.8235294118,
    "morph_micro_r":0.7139303483,
    "morph_micro_f":0.764823451,
    "morph_per_feat":{
      "Aspect":{
        "p":0.6630434783,
        "r":0.6354166667,
        "f":0.6489361702
      },
      "Mood":{
        "p":0.7282608696,
        "r":0.6979166667,
        "f":0.7127659574
      },
      "Voice":{
        "p":0.8369565217,
        "r":0.7777777778,
        "f":0.8062827225
      },
      "Case":{
        "p":0.8616071429,
        "r":0.8772727273,
        "f":0.8693693694
      },
      "Number":{
        "p":0.7638888889,
        "r":0.9649122807,
        "f":0.8527131783
      },
      "Person":{
        "p":1.0,
        "r":1.0,
        "f":1.0
      },
      "PronType":{
        "p":0.9818181818,
        "r":0.675,
        "f":0.8
      },
      "Foreign":{
        "p":0.0,
        "r":0.0,
        "f":0.0
      },
      "Degree":{
        "p":0.0,
        "r":0.0,
        "f":0.0
      },
      "Deixis":{
        "p":1.0,
        "r":1.0,
        "f":1.0
      },
      "Gender":{
        "p":0.0,
        "r":0.0,
        "f":0.0
      },
      "Link":{
        "p":0.0,
        "r":0.0,
        "f":0.0
      },
      "Polarity":{
        "p":0.8181818182,
        "r":0.5,
        "f":0.6206896552
      },
      "Clusivity":{
        "p":1.0,
        "r":1.0,
        "f":1.0
      },
      "Reflex":{
        "p":0.0,
        "r":0.0,
        "f":0.0
      },
      "PartType":{
        "p":1.0,
        "r":0.3846153846,
        "f":0.5555555556
      }
    }
  },
  "parser":{
    "sents_p":1.0,
    "sents_r":1.0,
    "sents_f":1.0,
    "dep_uas":0.9428334714,
    "dep_las":0.676056338,
    "dep_las_per_type":{
      "root":{
        "p":0.9765625,
        "r":0.9765625,
        "f":0.9765625
      },
      "case":{
        "p":0.9864864865,
        "r":0.4124293785,
        "f":0.5816733068
      },
      "nsubj":{
        "p":0.6982758621,
        "r":0.8804347826,
        "f":0.7788461538
      },
      "det":{
        "p":0.0761904762,
        "r":0.7272727273,
        "f":0.1379310345
      },
      "obj:agent":{
        "p":0.625,
        "r":0.8928571429,
        "f":0.7352941176
      },
      "nsubj:pass":{
        "p":0.0,
        "r":0.0,
        "f":0.0
      },
      "obj":{
        "p":0.84,
        "r":0.6363636364,
        "f":0.724137931
      },
      "advmod":{
        "p":0.7179487179,
        "r":0.7368421053,
        "f":0.7272727273
      },
      "csubj":{
        "p":0.0,
        "r":0.0,
        "f":0.0
      },
      "nmod:poss":{
        "p":0.25,
        "r":1.0,
        "f":0.4
      },
      "mark":{
        "p":0.875,
        "r":1.0,
        "f":0.9333333333
      },
      "compound:redup":{
        "p":1.0,
        "r":0.5,
        "f":0.6666666667
      },
      "fixed":{
        "p":0.0,
        "r":0.0,
        "f":0.0
      },
      "advcl":{
        "p":0.7142857143,
        "r":0.8333333333,
        "f":0.7692307692
      },
      "obl":{
        "p":0.8888888889,
        "r":0.8888888889,
        "f":0.8888888889
      },
      "iobj":{
        "p":0.0,
        "r":0.0,
        "f":0.0
      },
      "nsubj:lfoc":{
        "p":0.0,
        "r":0.0,
        "f":0.0
      },
      "nmod":{
        "p":0.1428571429,
        "r":0.1428571429,
        "f":0.1428571429
      },
      "flat":{
        "p":1.0,
        "r":1.0,
        "f":1.0
      },
      "acl:relcl":{
        "p":1.0,
        "r":1.0,
        "f":1.0
      },
      "dislocated":{
        "p":0.0,
        "r":0.0,
        "f":0.0
      },
      "nsubj:ifoc":{
        "p":0.0,
        "r":0.0,
        "f":0.0
      },
      "ccomp":{
        "p":0.2,
        "r":0.5,
        "f":0.2857142857
      },
      "aux":{
        "p":0.0,
        "r":0.0,
        "f":0.0
      },
      "iobj:patient":{
        "p":0.0,
        "r":0.0,
        "f":0.0
      },
      "nsubj:bfoc":{
        "p":0.0,
        "r":0.0,
        "f":0.0
      },
      "compound":{
        "p":0.0,
        "r":0.0,
        "f":0.0
      },
      "xcomp":{
        "p":1.0,
        "r":0.3333333333,
        "f":0.5
      }
    }
  },
  "ner":{
    "ents_p":null,
    "ents_r":null,
    "ents_f":null,
    "ents_per_type":null
  },
  "speed":209.7349308484
}