{
  "tokenizer":{
    "token_acc":0.9977388853,
    "token_p":0.9312562401,
    "token_r":0.9697572014,
    "token_f":0.9501168434
  },
  "transformer":{

  },
  "trainable_lemmatizer":{
    "lemma_acc":0.9046060533
  },
  "tagger":{
    "tag_acc":0.9133675109
  },
  "morphologizer":{
    "pos_acc":0.9542517684,
    "morph_acc":0.9532372448,
    "morph_micro_p":0.9628580946,
    "morph_micro_r":0.9356639961,
    "morph_micro_f":0.9490662836,
    "morph_per_feat":{
      "Aspect":{
        "p":0.9315617037,
        "r":0.9097049413,
        "f":0.9205035971
      },
      "Mood":{
        "p":0.9489609916,
        "r":0.925346605,
        "f":0.9370050396
      },
      "Voice":{
        "p":0.8320582878,
        "r":0.8128113879,
        "f":0.8223222322
      },
      "Case":{
        "p":0.9933075933,
        "r":0.983936767,
        "f":0.9885999744
      },
      "Number":{
        "p":0.9938001459,
        "r":0.9919912632,
        "f":0.9928948807
      },
      "Person":{
        "p":0.9969040248,
        "r":0.9884881044,
        "f":0.9926782274
      },
      "PronType":{
        "p":0.996,
        "r":0.9613899614,
        "f":0.978388998
      },
      "NumType":{
        "p":0.9886845827,
        "r":0.8545232274,
        "f":0.9167213115
      },
      "Deixis":{
        "p":0.9872262774,
        "r":0.9001663894,
        "f":0.9416884247
      },
      "Abbr":{
        "p":1.0,
        "r":0.1323529412,
        "f":0.2337662338
      },
      "Polarity":{
        "p":1.0,
        "r":0.9612590799,
        "f":0.9802469136
      },
      "Typo":{
        "p":0.8421052632,
        "r":0.3404255319,
        "f":0.4848484848
      },
      "Degree":{
        "p":0.8965517241,
        "r":0.7428571429,
        "f":0.8125
      },
      "Clusivity":{
        "p":0.9946808511,
        "r":0.9894179894,
        "f":0.9920424403
      },
      "PartType":{
        "p":1.0,
        "r":1.0,
        "f":1.0
      },
      "Polite":{
        "p":1.0,
        "r":0.9459459459,
        "f":0.9722222222
      }
    }
  },
  "parser":{
    "sents_p":0.9910714286,
    "sents_r":0.9942418426,
    "sents_f":0.9926541041,
    "dep_uas":0.8509143472,
    "dep_las":0.7882964453,
    "dep_las_per_type":{
      "root":{
        "p":0.8752399232,
        "r":0.8752399232,
        "f":0.8752399232
      },
      "advmod":{
        "p":0.8269699431,
        "r":0.8060174188,
        "f":0.8163592622
      },
      "case":{
        "p":0.9138405133,
        "r":0.8917710197,
        "f":0.9026708918
      },
      "compound":{
        "p":0.4831460674,
        "r":0.2801302932,
        "f":0.3546391753
      },
      "obj":{
        "p":0.7543581616,
        "r":0.7933333333,
        "f":0.7733549959
      },
      "det":{
        "p":0.9561014901,
        "r":0.9255360624,
        "f":0.940570523
      },
      "nsubj":{
        "p":0.8303264605,
        "r":0.8474353354,
        "f":0.8387936646
      },
      "nmod:poss":{
        "p":0.7921830315,
        "r":0.7998075072,
        "f":0.7959770115
      },
      "obl":{
        "p":0.7150442478,
        "r":0.6985590778,
        "f":0.7067055394
      },
      "cc":{
        "p":0.87375,
        "r":0.8524390244,
        "f":0.862962963
      },
      "conj":{
        "p":0.7037444934,
        "r":0.7220338983,
        "f":0.7127718907
      },
      "fixed":{
        "p":0.7533936652,
        "r":0.74,
        "f":0.7466367713
      },
      "amod":{
        "p":0.7456359102,
        "r":0.77763329,
        "f":0.761298536
      },
      "mark":{
        "p":0.833781965,
        "r":0.8119266055,
        "f":0.8227091633
      },
      "acl:relcl":{
        "p":0.658974359,
        "r":0.6917900404,
        "f":0.674983585
      },
      "nmod":{
        "p":0.5852428964,
        "r":0.6160154366,
        "f":0.6002350176
      },
      "ccomp":{
        "p":0.5534188034,
        "r":0.6607142857,
        "f":0.6023255814
      },
      "advcl":{
        "p":0.534127844,
        "r":0.5869047619,
        "f":0.5592739648
      },
      "flat":{
        "p":0.8543087415,
        "r":0.8331318017,
        "f":0.843587389
      },
      "discourse":{
        "p":0.8162393162,
        "r":0.8042105263,
        "f":0.8101802757
      },
      "parataxis":{
        "p":0.4043715847,
        "r":0.4512195122,
        "f":0.4265129683
      },
      "nummod":{
        "p":0.8539042821,
        "r":0.8453865337,
        "f":0.8496240602
      },
      "obj:agent":{
        "p":0.8138020833,
        "r":0.8538251366,
        "f":0.8333333333
      },
      "appos":{
        "p":0.5825242718,
        "r":0.6417112299,
        "f":0.6106870229
      },
      "dep":{
        "p":0.2,
        "r":0.3580246914,
        "f":0.2566371681
      },
      "list":{
        "p":0.06,
        "r":0.1875,
        "f":0.0909090909
      },
      "orphan":{
        "p":0.0,
        "r":0.0,
        "f":0.0
      },
      "compound:redup":{
        "p":0.4736842105,
        "r":0.6,
        "f":0.5294117647
      },
      "xcomp":{
        "p":0.6497695853,
        "r":0.5850622407,
        "f":0.615720524
      },
      "dislocated":{
        "p":0.2837837838,
        "r":0.2658227848,
        "f":0.2745098039
      },
      "acl":{
        "p":0.2142857143,
        "r":0.06,
        "f":0.09375
      },
      "goeswith":{
        "p":0.0,
        "r":0.0,
        "f":0.0
      },
      "vocative":{
        "p":0.6666666667,
        "r":0.6666666667,
        "f":0.6666666667
      }
    }
  },
  "ner":{
    "ents_p":null,
    "ents_r":null,
    "ents_f":null,
    "ents_per_type":null
  },
  "speed":4057.0598802323
}
