{
  "tokenizer":{
    "token_acc":0.9950884086,
    "token_p":0.9774066798,
    "token_r":0.9841740851,
    "token_f":0.9807787087
  },
  "transformer":{

  },
  "trainable_lemmatizer":{
    "lemma_acc":0.8255066733
  },
  "tagger":{
    "tag_acc":0.4848484848
  },
  "morphologizer":{
    "pos_acc":0.8220675944,
    "morph_acc":0.5874751491,
    "morph_micro_p":null,
    "morph_micro_r":null,
    "morph_micro_f":null,
    "morph_per_feat":null
  },
  "parser":{
    "sents_p":0.9684210526,
    "sents_r":0.9787234043,
    "sents_f":0.9735449735,
    "dep_uas":0.8078026391,
    "dep_las":0.5861476817,
    "dep_las_per_type":{
      "vocative":{
        "p":1.0,
        "r":1.0,
        "f":1.0
      },
      "advmod":{
        "p":0.6101694915,
        "r":0.75,
        "f":0.6728971963
      },
      "mark":{
        "p":0.8181818182,
        "r":0.3461538462,
        "f":0.4864864865
      },
      "nsubj":{
        "p":0.7604166667,
        "r":0.8021978022,
        "f":0.7807486631
      },
      "root":{
        "p":0.8541666667,
        "r":0.8723404255,
        "f":0.8631578947
      },
      "case":{
        "p":0.7846153846,
        "r":0.5862068966,
        "f":0.6710526316
      },
      "obl":{
        "p":0.5882352941,
        "r":0.6382978723,
        "f":0.612244898
      },
      "nmod":{
        "p":0.6,
        "r":0.3956043956,
        "f":0.4768211921
      },
      "parataxis":{
        "p":0.625,
        "r":0.4545454545,
        "f":0.5263157895
      },
      "obj":{
        "p":0.5135135135,
        "r":0.3454545455,
        "f":0.4130434783
      },
      "nmod:poss":{
        "p":0.0,
        "r":0.0,
        "f":0.0
      },
      "obj:agent":{
        "p":0.0,
        "r":0.0,
        "f":0.0
      },
      "discourse":{
        "p":0.1428571429,
        "r":0.5,
        "f":0.2222222222
      },
      "advcl":{
        "p":0.4285714286,
        "r":0.5454545455,
        "f":0.48
      },
      "ccomp":{
        "p":0.125,
        "r":1.0,
        "f":0.2222222222
      },
      "det":{
        "p":0.1764705882,
        "r":0.48,
        "f":0.2580645161
      },
      "cc":{
        "p":1.0,
        "r":0.9090909091,
        "f":0.9523809524
      },
      "conj":{
        "p":0.7777777778,
        "r":0.6666666667,
        "f":0.7179487179
      },
      "nummod":{
        "p":0.7058823529,
        "r":1.0,
        "f":0.8275862069
      },
      "amod":{
        "p":0.6842105263,
        "r":0.6046511628,
        "f":0.6419753086
      },
      "fixed":{
        "p":1.0,
        "r":0.5714285714,
        "f":0.7272727273
      },
      "acl":{
        "p":0.0,
        "r":0.0,
        "f":0.0
      },
      "acl:relcl":{
        "p":0.0,
        "r":0.0,
        "f":0.0
      },
      "compound":{
        "p":0.0,
        "r":0.0,
        "f":0.0
      },
      "compound:redup":{
        "p":0.0,
        "r":0.0,
        "f":0.0
      },
      "xcomp":{
        "p":0.2,
        "r":0.3333333333,
        "f":0.25
      },
      "flat":{
        "p":0.375,
        "r":1.0,
        "f":0.5454545455
      }
    }
  },
  "ner":{
    "ents_p":null,
    "ents_r":null,
    "ents_f":null,
    "ents_per_type":null
  },
  "speed":150.6587251329
}
