{
  "tokenizer":{
    "token_acc":1.0,
    "token_p":1.0,
    "token_r":1.0,
    "token_f":1.0
  },
  "transformer":{

  },
  "trainable_lemmatizer":{
    "lemma_acc":0.8079019074
  },
  "tagger":{
    "tag_acc":0.583106267
  },
  "morphologizer":{
    "pos_acc":0.7847411444,
    "morph_acc":0.7288828338,
    "morph_micro_p":0.8404558405,
    "morph_micro_r":0.7338308458,
    "morph_micro_f":0.7835325365,
    "morph_per_feat":{
      "Aspect":{
        "p":0.7340425532,
        "r":0.71875,
        "f":0.7263157895
      },
      "Mood":{
        "p":0.7234042553,
        "r":0.7083333333,
        "f":0.7157894737
      },
      "Voice":{
        "p":0.8936170213,
        "r":0.8484848485,
        "f":0.8704663212
      },
      "Case":{
        "p":0.8616071429,
        "r":0.8772727273,
        "f":0.8693693694
      },
      "Number":{
        "p":0.7638888889,
        "r":0.9649122807,
        "f":0.8527131783
      },
      "Person":{
        "p":1.0,
        "r":1.0,
        "f":1.0
      },
      "PronType":{
        "p":0.9824561404,
        "r":0.7,
        "f":0.8175182482
      },
      "Foreign":{
        "p":0.0,
        "r":0.0,
        "f":0.0
      },
      "Degree":{
        "p":0.0,
        "r":0.0,
        "f":0.0
      },
      "Deixis":{
        "p":1.0,
        "r":1.0,
        "f":1.0
      },
      "Gender":{
        "p":0.0,
        "r":0.0,
        "f":0.0
      },
      "Link":{
        "p":0.0,
        "r":0.0,
        "f":0.0
      },
      "Polarity":{
        "p":0.9,
        "r":0.5,
        "f":0.6428571429
      },
      "Clusivity":{
        "p":1.0,
        "r":1.0,
        "f":1.0
      },
      "Reflex":{
        "p":0.0,
        "r":0.0,
        "f":0.0
      },
      "PartType":{
        "p":1.0,
        "r":0.2307692308,
        "f":0.375
      }
    }
  },
  "parser":{
    "sents_p":1.0,
    "sents_r":1.0,
    "sents_f":1.0,
    "dep_uas":0.9494614747,
    "dep_las":0.6777133389,
    "dep_las_per_type":{
      "root":{
        "p":0.9765625,
        "r":0.9765625,
        "f":0.9765625
      },
      "case":{
        "p":0.9864864865,
        "r":0.4124293785,
        "f":0.5816733068
      },
      "nsubj":{
        "p":0.6982758621,
        "r":0.8804347826,
        "f":0.7788461538
      },
      "det":{
        "p":0.0761904762,
        "r":0.7272727273,
        "f":0.1379310345
      },
      "obj:agent":{
        "p":0.7222222222,
        "r":0.9285714286,
        "f":0.8125
      },
      "nsubj:pass":{
        "p":0.0,
        "r":0.0,
        "f":0.0
      },
      "advmod":{
        "p":0.6428571429,
        "r":0.7105263158,
        "f":0.675
      },
      "csubj":{
        "p":0.0,
        "r":0.0,
        "f":0.0
      },
      "obj":{
        "p":0.75,
        "r":0.7272727273,
        "f":0.7384615385
      },
      "nmod:poss":{
        "p":0.2857142857,
        "r":1.0,
        "f":0.4444444444
      },
      "compound:redup":{
        "p":0.0,
        "r":0.0,
        "f":0.0
      },
      "ccomp":{
        "p":0.125,
        "r":0.5,
        "f":0.2
      },
      "fixed":{
        "p":0.0,
        "r":0.0,
        "f":0.0
      },
      "mark":{
        "p":1.0,
        "r":0.8571428571,
        "f":0.9230769231
      },
      "advcl":{
        "p":0.8571428571,
        "r":1.0,
        "f":0.9230769231
      },
      "obl":{
        "p":0.8928571429,
        "r":0.9259259259,
        "f":0.9090909091
      },
      "iobj":{
        "p":0.0,
        "r":0.0,
        "f":0.0
      },
      "nsubj:lfoc":{
        "p":0.0,
        "r":0.0,
        "f":0.0
      },
      "flat":{
        "p":1.0,
        "r":1.0,
        "f":1.0
      },
      "nmod":{
        "p":0.25,
        "r":0.1428571429,
        "f":0.1818181818
      },
      "acl:relcl":{
        "p":1.0,
        "r":1.0,
        "f":1.0
      },
      "nsubj:ifoc":{
        "p":0.0,
        "r":0.0,
        "f":0.0
      },
      "aux":{
        "p":0.0,
        "r":0.0,
        "f":0.0
      },
      "iobj:patient":{
        "p":0.0,
        "r":0.0,
        "f":0.0
      },
      "nsubj:bfoc":{
        "p":0.0,
        "r":0.0,
        "f":0.0
      },
      "dep":{
        "p":0.0,
        "r":0.0,
        "f":0.0
      },
      "xcomp":{
        "p":0.0,
        "r":0.0,
        "f":0.0
      }
    }
  },
  "ner":{
    "ents_p":null,
    "ents_r":null,
    "ents_f":null,
    "ents_per_type":null
  },
  "speed":116.3529955143
}
